epoch,train_loss,data_loss,pde_loss,ic_loss,bc_loss,val_loss,lambda_pde
1,0.9431956678628921,0.3866759403347969,254.94858570797007,0.013011701851850375,0.042640271719545125,0.12107560682296753,0.0
2,0.12577999663352965,0.10164660793542862,28.304265518188476,0.00045742325636092575,0.0019559156205505132,0.09175444495677948,0.0
3,0.09794715055823326,0.08109927859902381,17.07409296417236,0.00035554638813482597,0.0013292408289853484,0.06253571021556854,0.0
4,0.07370655670762062,0.06392882207036019,17.6702273979187,0.00019196105323499068,0.0007858124192571267,0.07485393238067627,0.0
5,0.06599065372347832,0.057969603836536404,19.053765743255614,0.0001480253871413879,0.0006540795972105115,0.0511436981856823,0.0
6,0.06920583114027977,0.060182110935449604,17.343575704574587,0.00014242312737042085,0.0007599488614359871,0.056882177770137786,0.0
7,0.06207340693473816,0.05395560210943222,14.308673065185546,0.0001260421217302792,0.0006857383500318974,0.04566952013969421,0.0
8,0.05969779546558857,0.052501833483576774,10.736181804656983,9.994959365576505e-05,0.0006196466134861112,0.04940906238555908,0.0
9,0.062187539279460906,0.05321412144601345,8.553437826156616,0.00012678675408824347,0.0007705550084356219,0.041403460502624514,0.0
10,0.05709624755382538,0.05003901705145836,7.109967388153076,8.061721036210656e-05,0.0006251058357302099,0.053504079163074494,0.0
11,0.06371094053983688,0.05448926892876625,5.832963212013245,0.00012417338918021414,0.0007979937882628292,0.04595171105861664,0.0
12,0.05676001019775868,0.04974602445960045,5.413143546104431,7.384240960527677e-05,0.0006275561683578417,0.05150384068489075,0.0
13,0.07022305074334144,0.05922947376966477,4.63457262802124,0.00019069008952646982,0.0009086676125880331,0.08174654728174209,0.0
14,0.06633907762169838,0.05713608685135842,4.314944943428039,0.0001403929656080436,0.0007799060994293541,0.04404899063706398,0.0
15,0.06150403067469597,0.05413047094643116,4.091981729507446,0.00010381564455747138,0.0006335403471020982,0.06338444900512695,0.0
16,0.05776487974822521,0.049469084247946736,3.5314276542663574,8.704924673656933e-05,0.0007425303210038691,0.06453458201885223,0.0
17,0.05616976074874401,0.04918081529438496,3.32144420003891,6.843118777032942e-05,0.0006304633762920275,0.04428053879737854,0.0
18,0.05085133519768715,0.04475554431974888,3.0667065014839174,5.238980647845892e-05,0.0005571892719017341,0.04990061393380165,0.0
19,0.053662485867738724,0.04740629644691944,2.8196747970581053,6.152212547021917e-05,0.0005640968080842867,0.05622071385383606,0.0
20,0.05452812644839287,0.04849046646058559,2.635148139953613,5.6368473247857765e-05,0.0005473975092172622,0.04565692836046219,0.0
21,0.047506552785634995,0.041897941172122956,2.52354953289032,3.752990780776599e-05,0.0005233312685741111,0.04360458368062973,0.0
22,0.05565399874746799,0.0486081400513649,2.096048002719879,7.994410625542515e-05,0.0006246417529182509,0.03491109138727188,0.0
23,0.05149726998806,0.045072072252631185,2.026049322128296,5.026976489898516e-05,0.0005922500099986792,0.037053341329097746,0.0
24,0.05068369460105896,0.044303246021270754,1.9836469213962555,4.2933687203912994e-05,0.0005951111747417599,0.044555648684501646,0.0
25,0.048986526980996134,0.04301074077188969,1.915453003883362,4.820857915910892e-05,0.0005493700413499028,0.049144216775894166,0.0
26,0.057716116413474086,0.05008849911391735,1.823587302684784,7.953880115383072e-05,0.0006832229451974854,0.03598158410191536,0.0
27,0.05141094103455544,0.04524171452224254,1.8542658658027649,4.452369632781483e-05,0.0005723989435937255,0.03850193923711777,0.0
28,0.04919197641313076,0.04320293234288693,1.7405759220123291,4.606759564921958e-05,0.0005528368015657179,0.052462604641914365,0.0
29,0.053309053242206576,0.046283144101500515,1.6790504727363587,5.980881077266531e-05,0.0006427820940734818,0.04205680227279663,0.0
30,0.0509229583889246,0.044380837813019755,1.6847555484771728,4.893769027694361e-05,0.0006052743615582585,0.039515966296195984,0.0
31,0.05070436489582062,0.04428486859798431,1.7390497870445252,4.5887791173299777e-05,0.0005960618355311453,0.05127639052271843,0.0
32,0.048750239998102185,0.04250253045558929,1.6805685205459595,4.305963085789699e-05,0.0005817113224766217,0.05287446266412735,0.0
33,0.053855537414550785,0.04728121694922447,1.6774230463504791,5.460078318719752e-05,0.0006028312461567111,0.0615234140753746,0.0
34,0.055490682721138,0.04876420968770981,1.8578211817741395,7.757980240421603e-05,0.0005950675070052967,0.04139441204071045,0.0
35,0.04898498919606209,0.04279831744730472,1.7122706956863403,4.004238630295731e-05,0.0005786247798241675,0.03939927911758423,0.0
36,0.04611621131002903,0.040639085128903386,1.6460714712142945,2.6370551611762493e-05,0.0005213420609943569,0.04195630583167076,0.0
37,0.047665503174066544,0.04149187226593495,1.7170758495330811,3.5940117049904076e-05,0.0005814229421084746,0.051878428786993024,0.0
38,0.04617090713977814,0.0405619360357523,1.6542751665115356,2.5423362025321695e-05,0.0005354737404268235,0.035350319981575014,0.0
39,0.04608264981210232,0.0406258003115654,1.7257030003070832,2.5225840145139954e-05,0.000520459103747271,0.04047288617491722,0.0
40,0.047188500836491586,0.04146914373338222,1.6491026213169098,2.7218230276048415e-05,0.000544717479380779,0.0400630407333374,0.0
41,0.04548890349268913,0.03982763010263443,1.6400663375854492,2.446490037254989e-05,0.000541662429808639,0.03923607105016708,0.0
42,0.04994447395205498,0.043371023371815684,1.5086501815319062,4.6974943361419717e-05,0.0006103701080428436,0.04231132823228836,0.0
43,0.04913165411353111,0.04278741367161274,1.5773824965953827,4.279150232468965e-05,0.0005916325493017211,0.07038994109630585,0.0
44,0.052722587138414385,0.045705200225114824,1.5251475119590758,5.943007030873559e-05,0.0006423086150316522,0.043069046258926394,0.0
45,0.04587346076965332,0.040007518544793126,1.6226411602497102,2.594448495801771e-05,0.0005606497240951285,0.04773238930106163,0.0
46,0.04788335585594177,0.041853748068213466,1.559355647802353,3.264978802326368e-05,0.0005703109884634615,0.03874740099906921,0.0
47,0.04492493046820164,0.03932658733427524,1.5495086646080016,2.0833285885601073e-05,0.0005390010247938335,0.05067345833778381,0.0
48,0.04709483651816845,0.04134270767867565,1.6040410809516907,2.861136064530001e-05,0.0005466015288839117,0.05703962135314941,0.0
49,0.04810513430833817,0.042216926664114,1.6324285156726837,3.6489523383352204e-05,0.0005523312406148762,0.03910276168584824,0.0
50,0.046096336737275125,0.04035691139101982,1.607065038919449,2.5683431005745662e-05,0.0005482591073960066,0.03920425057411194,0.0
51,0.05722937969863415,0.03960895603895188,0.48135007804632185,2.68194277814473e-05,0.0007725227535702288,0.03665113842487335,0.02
52,0.05279728537797928,0.041655396297574046,0.11711324747651815,3.6703654750454006e-05,0.0006090322933159769,0.04013392922282219,0.04
53,0.050878617838025095,0.04134291540086269,0.054876267060637474,3.104753482330125e-05,0.0005932651201728731,0.034569826781749725,0.06
54,0.0527055377215147,0.04335252113640308,0.04014571087434888,4.1904288264049685e-05,0.0005722316985484212,0.044642251282930374,0.08
55,0.05117306759953499,0.039487858057022096,0.05611542706564069,2.8823562919569666e-05,0.0005785431084223092,0.0401724573969841,0.1
56,0.044909738957881924,0.03705167974531651,0.016370988193899393,1.5397767991089494e-05,0.0005739563056267798,0.03533313575387001,0.12
57,0.04655987103283405,0.04011018267273903,0.004727862167172134,2.5577967411663848e-05,0.0005532008110312745,0.04532964277267456,0.14
58,0.047656042650341984,0.0400382534712553,0.010917058252729475,2.7108223497634752e-05,0.0005599977639503777,0.03502146542072296,0.16
59,0.044639545887708666,0.03794193351268768,0.005263084431178868,1.901057010400109e-05,0.0005560151383979246,0.03920338103175163,0.18
60,0.051942680224776265,0.04110700319707394,0.023521239588037132,3.7764534790767354e-05,0.0005753783723339438,0.036914062052965164,0.2
61,0.051785684406757355,0.039927540853619575,0.025490242540836334,2.406491511646891e-05,0.000600964100449346,0.03641964942216873,0.22
62,0.04684973187744618,0.038801087081432345,0.00843377200793475,2.6429566994920606e-05,0.0005760243796976283,0.032524890154600146,0.24
63,0.04616228130459785,0.038257492661476135,0.007257481070235372,1.8355182884988606e-05,0.0005834291888168082,0.04153306794166565,0.26
64,0.04726442128419876,0.040319960951805116,0.0036601521293632686,2.759188941854518e-05,0.0005643698811763898,0.04073884260654449,0.28
65,0.045241566181182864,0.03688785769045353,0.00821187769016251,1.5840773288800846e-05,0.0005731737561291084,0.03769362127780914,0.3
66,0.052427638173103336,0.03927397331595421,0.020783785060979425,2.6523828510107705e-05,0.0006237615486606956,0.035122404038906097,0.32
67,0.04604583868384361,0.03731942255795002,0.008555284758564085,1.7598635960894172e-05,0.0005641632955521345,0.03565849974751473,0.34
68,0.04479147538542747,0.038067901782691475,0.00231095933355391,1.9802073777100305e-05,0.0005693607409484685,0.03343735647201538,0.36
69,0.04248208624124527,0.03623755325376987,0.0015528951173182576,1.4854409875624696e-05,0.0005505888944026083,0.03498227846622467,0.38
70,0.04215355591475964,0.03551068557798862,0.002630269949324429,1.1926727467653108e-05,0.0005471495112869889,0.0362241116464138,0.4
71,0.046436435729265216,0.03793189585208893,0.006233090111520141,1.9901690000551753e-05,0.0005687625027494505,0.0342571467757225,0.42
72,0.04420624934136867,0.037438789650797846,0.0016386569149326533,1.979579964245204e-05,0.0005848492621444165,0.03852788615226745,0.44
73,0.046000313386321066,0.038330332547426224,0.0038293515178374946,2.0355202479549916e-05,0.0005704927074257285,0.042503695100545885,0.46
74,0.04645216238498688,0.03813670264184475,0.004989471369422972,1.9970224111602875e-05,0.0005720811396604404,0.03614823889732361,0.48
75,0.04378918634355068,0.03726231266558171,0.0014057436417788268,1.901192519289907e-05,0.0005633882690453902,0.03579183566570282,0.5
76,0.04405030830204487,0.03707318657636643,0.0025854172490071504,1.6003343367628986e-05,0.0005472671309253201,0.03798789459466934,0.52
77,0.05036016115546226,0.03959442269802094,0.008534213213715702,2.498800887406105e-05,0.0005907382998266257,0.03754463964700699,0.54
78,0.04370546473562718,0.03588549694418907,0.003653460924513638,1.3676679940545e-05,0.0005637262695236131,0.032208988189697266,0.56
79,0.04274300830066204,0.035114418506622315,0.00325597705016844,1.1749987621442416e-05,0.0005622623427771031,0.045075715541839596,0.58
80,0.04988839155435562,0.03791243813931942,0.00956257730629295,1.9814406281511764e-05,0.0006040262506576255,0.038017440259456636,0.6
81,0.0449174603074789,0.03720983040332794,0.0031256448864005505,1.6642176520690556e-05,0.0005603308489080519,0.034987126141786576,0.62
82,0.04919321723282337,0.041850021854043004,0.0011130574346752838,4.166741889457626e-05,0.0006214164283592254,0.0374584926366806,0.64
83,0.045179388836026194,0.03765601631999016,0.0025896604221779854,2.1200522754952546e-05,0.0005602191508514807,0.03565665718913078,0.66
84,0.043911313027143475,0.036331997722387314,0.0027777101884130387,1.3674039371835534e-05,0.0005553732038242743,0.03339978483319282,0.68
85,0.045731831207871436,0.03801909926533699,0.0025575059677939863,2.1622603129799244e-05,0.0005706252077361569,0.03473256915807724,0.7
86,0.046720425471663475,0.03867259538173676,0.0030088701392523946,2.343186030702782e-05,0.0005647124897222966,0.03250093597173691,0.72
87,0.04715555219352245,0.03908530710637569,0.0027841248232871292,2.6736773492302746e-05,0.000574262477515731,0.03513459587097168,0.74
88,0.04227259449660778,0.03535775728523731,0.0016743387599708513,1.1277323101239745e-05,0.0005529566277982667,0.035816133677959446,0.76
89,0.043198445811867714,0.03680377759039402,0.000835495519451797,1.6515476718268475e-05,0.0005577826794469729,0.03670346575975418,0.78
90,0.04324419994652271,0.03623553390800953,0.00175251347059384,1.3495986369889579e-05,0.0005471695393789559,0.034614036321640014,0.8
91,0.045158728182315824,0.035237219229340554,0.005096889054635539,1.0164158640691312e-05,0.0005640418188413605,0.03292043802142143,0.82
92,0.043185665711760524,0.03612771834433079,0.0014828085005283355,1.3798396990750917e-05,0.000567440424230881,0.031329678982496265,0.84
93,0.04514413206279278,0.035864016875624655,0.003559307616436854,1.4464887488429667e-05,0.0006074461756506935,0.03326637476682663,0.86
94,0.041508164450526235,0.03495622918754816,0.0010423562115756794,1.1309238128887954e-05,0.000552156958496198,0.04443440419435501,0.88
95,0.04475735731422901,0.03648664353787899,0.0025479122006800024,1.5490450528886867e-05,0.0005822688294574619,0.03301992455124855,0.9
96,0.04144335316121578,0.0349288973659277,0.0010441835831152275,9.148044218818541e-06,0.0005462326584383846,0.034659518361091615,0.92
97,0.04639535164833069,0.03936189217865467,0.0010431674579158426,2.8941984739503824e-05,0.0005763462228933349,0.03465144664049149,0.94
98,0.04740710781514645,0.04026374252140522,0.0011164452991215513,3.100823242857587e-05,0.0005761495444457978,0.04213559141755104,0.96
99,0.04249277679622173,0.03616035291552543,0.00072000154806301,1.4536952256094083e-05,0.0005481453015236183,0.036169206947088244,0.98
100,0.04292856374382973,0.0362077746540308,0.0011937008234672248,1.269880867585016e-05,0.0005400100174592808,0.036865074813365935,1.0
101,0.04511761208623648,0.038244645223021505,0.0012319636908359826,1.7850775191618596e-05,0.0005462495313258842,0.04469915238022804,1.0
102,0.04693568980693817,0.037045537635684016,0.003865457503590733,1.8538072115916294e-05,0.0005839313842589035,0.04162522882223129,1.0
103,0.043032604411244395,0.03586664731800556,0.0015122580130118876,1.3566860456194262e-05,0.0005518030459061265,0.03410940352082253,1.0
104,0.04203299769759178,0.03525289366394281,0.001124183782376349,1.1851310286147054e-05,0.0005537407014053315,0.039018161177635194,1.0
105,0.04124418310821056,0.03487752176821232,0.0008028710976941511,9.953104021406034e-06,0.0005464259071741253,0.036820426762104036,1.0
106,0.04266200047731399,0.03567135733366013,0.0013092115452745929,1.3487913838616805e-05,0.000554655235609971,0.035265287905931475,1.0
107,0.040833812013268474,0.03463116119801998,0.0006371755257132463,9.47824011927878e-06,0.000547069271793589,0.03185693436861038,1.0
108,0.043255504533648494,0.03496196211874485,0.002617326419102028,1.0091020280015072e-05,0.0005575305526144803,0.03653165525197983,1.0
109,0.042730467081069944,0.03540141824632883,0.0016662487671710551,1.1554844477359438e-05,0.0005547251604730263,0.03624440401792526,1.0
110,0.04534595613181591,0.037432216256856915,0.0021172159605193884,2.1672510370990494e-05,0.0005579798797843978,0.03206360468268395,1.0
111,0.04080652029812336,0.03454811342060566,0.0006524013566668145,9.064318794116844e-06,0.0005515362361911684,0.033781151324510574,1.0
112,0.042656441107392314,0.035595544919371606,0.001302930680452846,1.2699466738922639e-05,0.0005630970718339085,0.03444555175304413,1.0
113,0.04295699536800385,0.03617017443478107,0.001161008113878779,1.3687403003132203e-05,0.0005488938792841509,0.032621430158615114,1.0
114,0.04065485209226608,0.03396432009339333,0.0011033855057321488,8.051528178839362e-06,0.0005506631274474785,0.03356367075443268,1.0
115,0.043034496828913686,0.036119630470871925,0.0012018767669796943,1.3448703517497051e-05,0.000557850262382999,0.030780917674303056,1.0
116,0.040958946764469144,0.03499907301366329,0.0003908951859921217,1.0337671032175422e-05,0.0005465602042386309,0.03513633048534393,1.0
117,0.04166563323140144,0.03560534496605396,0.000486452046316117,1.289676537635387e-05,0.0005444868584163487,0.03808759748935699,1.0
118,0.04191158168017864,0.03541663844138384,0.0008822411124128849,1.138466793054249e-05,0.0005498855583136902,0.033189741790294644,1.0
119,0.04219557558000088,0.03576502849161625,0.0008747075831051916,1.2720878670734237e-05,0.0005428630752721802,0.03267476415634155,1.0
120,0.042402756825089455,0.035676313012838363,0.0010813201860291883,1.3473209823132493e-05,0.0005510391665156931,0.05072005832195282,1.0
121,0.04280920530855656,0.03532387562096119,0.0015625361789716407,1.398616365804628e-05,0.0005782931779976934,0.0328904584646225,1.0
122,0.041991578206419945,0.035774847716093065,0.0006480812097433954,1.2226125996676274e-05,0.000544638806139119,0.033375255703926084,1.0
123,0.04034070481359959,0.034300579071044925,0.00042956304224208,8.447953614449944e-06,0.0005526083116419614,0.03163329991698265,1.0
124,0.04106287889182567,0.03450663147866726,0.0009601940978318453,9.665462201155605e-06,0.0005499398852698505,0.03251108926534653,1.0
125,0.04058790488541126,0.0335488054305315,0.001305642821942456,7.636579535756027e-06,0.0005657090917229652,0.03152536383271217,1.0
126,0.043095193296670914,0.036505907326936725,0.0008597850749501959,1.5564536850433796e-05,0.0005573855626862496,0.032585759818553925,1.0
127,0.04540160281956196,0.03699983821809292,0.002006533365580253,2.195626792672556e-05,0.0006175668623764068,0.03691413617134094,1.0
128,0.041092459514737126,0.03469189094007015,0.0008537010849686339,9.346037986688315e-06,0.0005453407084569335,0.032583724766969684,1.0
129,0.04166279059648514,0.03546634557843208,0.0005903400556417182,1.1265662713412894e-05,0.0005493448287015781,0.03667301806807518,1.0
130,0.04242137703299522,0.035685432955622674,0.0011736379935173317,1.1241855681873857e-05,0.0005449887563008815,0.032137953221797945,1.0
131,0.0404997937977314,0.034264137759804726,0.0007200672290055081,8.412927163590212e-06,0.0005431459350511432,0.032720094084739686,1.0
132,0.04030828948318958,0.03360980586707592,0.0011138311821268872,7.4277907133364355e-06,0.0005510374461300671,0.03211547577381134,1.0
133,0.04079985663294792,0.034776714347302916,0.0004304671428981237,9.462764657655498e-06,0.0005498047637520358,0.04136658972501755,1.0
134,0.043894970387220386,0.03673215119540691,0.0012355720654595643,1.9560777114747907e-05,0.0005731639133300632,0.03553874784708023,1.0
135,0.042437791556119916,0.0361455002874136,0.0006950690038502217,1.3182249887904618e-05,0.0005465399664826691,0.035242920011281965,1.0
136,0.041521994754672054,0.035242863178253175,0.0007235334711149335,1.0450215191667667e-05,0.0005451095736352726,0.033062080025672916,1.0
137,0.03938456220924854,0.03356445050239563,0.0003643982944195159,7.102852501702728e-06,0.0005384684831369668,0.031898595094680786,1.0
138,0.040233328253030776,0.03411122146248818,0.0005234401369234547,8.597698555604438e-06,0.0005512689754832536,0.031762701749801635,1.0
139,0.04020613962411881,0.034003678403794764,0.0006055212283972651,7.84623474100954e-06,0.0005518477695295587,0.0371238871216774,1.0
140,0.042646282449364664,0.0343762312233448,0.0025318494499661027,1.0926456427114318e-05,0.0005628936970606446,0.032005272328853605,1.0
141,0.03979718689620495,0.033429579466581344,0.0006890605304506607,7.189123479292903e-06,0.0005606655583251268,0.03167501994967461,1.0
142,0.04008885583281517,0.033798387095332144,0.0006174685380537995,7.421705311571713e-06,0.0005598782831802965,0.03343761110305786,1.0
143,0.039701595440506936,0.03385236386954785,0.00031383728387299924,7.815866938472027e-06,0.0005457235575886443,0.03238870519399643,1.0
144,0.04159008778631687,0.03510258190333843,0.000996338368509896,9.215515568939736e-06,0.0005399012239067815,0.031172701388597488,1.0
145,0.041336581081151964,0.03482926993817091,0.0009715339135727845,9.866360956948484e-06,0.0005437113676453009,0.03477357259392738,1.0
146,0.042242037042975425,0.03563819049298763,0.0009740567091503181,1.2296397329919273e-05,0.0005506826045457273,0.03534469410777092,1.0
147,0.042489208415150644,0.035240735337138174,0.0015903278789483012,1.134494624875515e-05,0.0005544695870485156,0.03323745912313461,1.0
148,0.040119845390319826,0.03417644216865301,0.0003538413810892962,8.781766171523486e-06,0.000550174409756437,0.03403875264525413,1.0
149,0.040544771760702134,0.034549648866057395,0.0004433976170839742,9.91373298165854e-06,0.0005452587907202542,0.03632108855247498,1.0
150,0.04083691442012787,0.034451365105807784,0.0008689922419143841,7.67748651378497e-06,0.0005439782086759805,0.03438080483675003,1.0
151,0.0396702965348959,0.03383816422522068,0.0002508528267499059,8.085737343208166e-06,0.0005500422243494541,0.03355039808154106,1.0
152,0.04001986657083034,0.03420937426388264,0.00022166563605424016,8.637021950562484e-06,0.0005502456424292177,0.03237700542807579,1.0
153,0.04100064957141876,0.03404107311367988,0.0012212497886503115,8.28687712419196e-06,0.0005655457865213976,0.032635318875312805,1.0
154,0.04090340934693813,0.03364767687767744,0.0013720378371654077,8.113641777526937e-06,0.0005802558147115633,0.032882981777191164,1.0
155,0.04113587494194507,0.035097288578748706,0.0003538326307898387,1.0865666230529314e-05,0.0005576096987351775,0.04363620981574059,1.0
156,0.03995611456036568,0.03401323387771845,0.0003986251915921457,7.72596153183258e-06,0.0005466995891183615,0.03197284525632858,1.0
157,0.040894676744937894,0.03468993726372719,0.0006991044431342744,7.481286038455437e-06,0.0005430822336347774,0.03583478191494942,1.0
158,0.04175539045035839,0.035575766190886496,0.0007558371017803438,1.0480207132786745e-05,0.0005318984958576038,0.0328393942117691,1.0
159,0.040373161360621454,0.03426479930430651,0.0004409995813621208,8.660240164317656e-06,0.0005580760252196341,0.033230711102485655,1.0
160,0.04065931613743305,0.034592264845967294,0.0005476108012371696,7.909990034931979e-06,0.0005440340475179255,0.03563778865337372,1.0
161,0.041233547061681745,0.03506304341554642,0.0006258969700429589,1.076084408123279e-05,0.0005436998299555853,0.03491640776395798,1.0
162,0.040837354615330695,0.03474707232415676,0.0005047323427279479,9.745956765982556e-06,0.0005488090278813615,0.035207354366779325,1.0
163,0.03964661127328873,0.033851898446679116,0.0003169057515333407,7.442260224706843e-06,0.0005403384388191626,0.032589500844478606,1.0
164,0.040575152784585955,0.03377032648026943,0.001073004005709663,9.134330630331533e-06,0.0005640478900168091,0.03390279984474182,1.0
165,0.042329012885689736,0.03486603184044361,0.0017549873229581862,1.068442512951151e-05,0.0005601149469148368,0.03424217331409454,1.0
166,0.040669159516692165,0.034029553204774854,0.0010429301332915203,9.201455248330604e-06,0.0005504661655286327,0.03273239052295685,1.0
167,0.03955051144212484,0.033589827418327334,0.0003978755157731939,7.729755283435224e-06,0.0005485510991420597,0.03353403437137604,1.0
168,0.04046357160806656,0.034458132177591326,0.0002736191906733438,9.969834604817151e-06,0.0005632121772505343,0.03496624875068664,1.0
169,0.041557596683502195,0.03565068145096302,0.00024877573311096057,1.3197403523918182e-05,0.0005526165432529524,0.03821374583244324,1.0
170,0.04038914282619953,0.03446973901987076,0.00035276509402319787,1.0298687313479604e-05,0.0005463651840109378,0.03471820938587189,1.0
171,0.03971874555945396,0.033643671944737434,0.0005582068386720493,6.133315928309457e-06,0.0005455533614149317,0.03572396382689476,1.0
172,0.04031328821182251,0.034173484653234484,0.0005531522901728749,8.08064556622412e-06,0.0005505844802828506,0.03125266706943512,1.0
173,0.04106996276974678,0.03499718187749386,0.0004350772818434052,1.1386232774384553e-05,0.000552384129492566,0.030725786983966826,1.0
174,0.03991661050915718,0.034056701108813286,0.0002489453465677798,8.815885119474843e-06,0.0005522804990177974,0.0322579653263092,1.0
175,0.0395792096555233,0.03375368846952915,0.0002800810454355087,8.019614473596448e-06,0.0005465244052466005,0.029723863303661346,1.0
176,0.0403087038397789,0.03423763279616833,0.000515308367786929,7.986076095221507e-06,0.00054759018891491,0.031757798969745635,1.0
177,0.041000952064991,0.034703191101551054,0.0006964653895702213,1.0457263775606407e-05,0.0005496722813695669,0.03509429833292961,1.0
178,0.042690177842974665,0.03415254561603069,0.002515911109512672,8.453296273728483e-06,0.0005937188102398068,0.03518152904510498,1.0
179,0.038675545543432235,0.03294012150168419,0.0002484945837059058,4.904654728306923e-06,0.0005437882940750569,0.03898118203878403,1.0
180,0.04095844060182571,0.03462861965596676,0.0007304121073684655,9.48377122040256e-06,0.0005504571041092276,0.036842573404312136,1.0
181,0.040732722885906694,0.03462925998866558,0.0005084849345148541,1.0513201683352235e-05,0.0005489846013952047,0.03283885478973389,1.0
182,0.04053658077120781,0.03423557461053133,0.0006605321436363738,8.179149519492057e-06,0.000555868255905807,0.033324908554553986,1.0
183,0.0391603881418705,0.033249243512749674,0.0003054485027678311,6.2708789810130835e-06,0.0005542987345252186,0.03345257672667503,1.0
184,0.03921947635710239,0.033175929576158524,0.0003850589024659712,6.852745000287541e-06,0.0005589960289653391,0.031115445792675018,1.0
185,0.039671836093068125,0.03398148521780968,0.000155364760896191,8.323511181515641e-06,0.0005451750956126488,0.0347715502679348,1.0
186,0.039446125015616416,0.033534465417265895,0.00033606828248593956,6.6866224815385065e-06,0.0005508725217077881,0.03147186288237572,1.0
187,0.03911406064033508,0.03321974693238735,0.0003882704838179052,6.205774978297995e-06,0.0005443985336460173,0.03184784311056137,1.0
188,0.03947087579965591,0.03362974752485752,0.0003440375634236261,6.083406085053866e-06,0.000543625645688735,0.03504093933105469,1.0
189,0.03925760287046433,0.03329036222398281,0.00040241469323518684,5.993192477035336e-06,0.0005504894121550023,0.0320566788315773,1.0
190,0.03914886143803596,0.032843526408076286,0.0007142144376412033,5.392373552240315e-06,0.0005537196907680482,0.03076486188173294,1.0
191,0.04132115159928799,0.03501297822594643,0.000677083077665884,1.0296242695403634e-05,0.000552812774782069,0.037406443536281586,1.0
192,0.03966619782149792,0.03373390340805054,0.00044427195825846866,7.1203073484866766e-06,0.0005416819462552667,0.030806654185056688,1.0
193,0.038604110032320026,0.03270091102272272,0.00037197682459373026,4.727687323793361e-06,0.0005483945304295048,0.031137816667556762,1.0
194,0.03938650068640709,0.033537128776311875,0.000205039943481097,7.142973919144424e-06,0.0005572902278508991,0.032984305679798126,1.0
195,0.039155887126922605,0.03342700950801372,0.00022924279770813883,6.488485540103284e-06,0.0005434749999549239,0.0384762989282608,1.0
196,0.04050076884031296,0.03310753647238016,0.0017284573360811918,5.853782305166533e-06,0.0005606237290194258,0.03398143261671066,1.0
197,0.04008211799710989,0.033948672123253344,0.0006497802888625301,6.185678602378175e-06,0.0005421808746177703,0.031800861120224,1.0
198,0.03879097752273083,0.03305042862892151,0.00018867129646241664,5.930529616307467e-06,0.0005492572146467865,0.03335453662276268,1.0
199,0.039245618641376497,0.033561518251895905,0.00012941907031927257,6.614564090341446e-06,0.0005488535605836659,0.0332634847164154,1.0
200,0.03869559693336487,0.03293924118578434,0.00024560885602841154,5.692517676834541e-06,0.0005453821801347658,0.029767126202583313,1.0
201,0.03804063414037227,0.03228740495443344,0.00016298441716935486,5.12876836637588e-06,0.0005538957098033279,0.034733645558357236,1.0
202,0.040971899598836896,0.0351427037268877,0.00021129374590236693,1.1183170654476271e-05,0.000550607057637535,0.0330503908097744,1.0
203,0.038022775068879126,0.032201851427555085,0.00022649146363255568,4.130628382881696e-06,0.0005553125895094126,0.030508772224187852,1.0
204,0.038401517286896704,0.03260352246463299,0.0002279520627344027,5.018188733629358e-06,0.000551986088976264,0.030562428265810012,1.0
205,0.03932135728001594,0.033232342004776004,0.00045810447476105765,6.125224624156544e-06,0.0005569658471504226,0.03164410284161568,1.0
206,0.0380770318955183,0.032334295861423015,0.00022866736736614258,4.635230214262265e-06,0.000546771641005762,0.030255057096481325,1.0
207,0.03847384569048882,0.0326086228787899,0.00029889782081590966,4.484694709390169e-06,0.0005521478024311364,0.03420781338214874,1.0
208,0.039709994420409206,0.03349697268009186,0.0006048403288586996,7.645819717254199e-06,0.0005531723331660032,0.03232083886861801,1.0
209,0.03833443845808506,0.03252519030869007,0.0002986863793921657,4.7913070575305025e-06,0.0005462648754473775,0.03240905511379242,1.0
210,0.038128988973796366,0.03220581503212452,0.00035855909041129054,3.831604838524072e-06,0.0005526298662880436,0.029716459035873413,1.0
211,0.03804044798761606,0.03189009055495262,0.0004874118597363122,4.161429542364203e-06,0.0005621331403963268,0.03028683286905289,1.0
212,0.04009989427030086,0.034011762216687204,0.0005476018101908266,6.972746432438726e-06,0.0005470802744384855,0.03207609409093857,1.0
213,0.03823485253751278,0.03244774807989597,0.00023546510539017618,4.243828731887333e-06,0.00055092009564396,0.03321407449245453,1.0
214,0.03793763716518879,0.032195064097642896,0.0001971731458324939,3.9946815641087595e-06,0.0005505453031510115,0.03179285758733749,1.0
215,0.03795019014179707,0.032116698935627935,0.0002515057842829265,4.027829926599224e-06,0.0005541707105003298,0.03134799364209175,1.0
216,0.03835278443992138,0.03175269120931625,0.000873343463987112,3.7529215678659964e-06,0.0005689220589119941,0.03162361842393875,1.0
217,0.03827073715627193,0.03255991932749748,0.00013087760715279728,4.515206408541417e-06,0.0005534788187360391,0.03234181690216065,1.0
218,0.03883063291013241,0.03260028184950352,0.0005732384591829032,4.8921158395387465e-06,0.0005608191288774833,0.03216765820980072,1.0
219,0.03908333572745323,0.033093530103564264,0.00042983091314090417,5.281393133373058e-06,0.000550716096884571,0.030877569139003753,1.0
220,0.03811941811442375,0.03223481447994709,0.00033586555550573394,4.417276351887267e-06,0.0005504565321607515,0.030224391400814055,1.0
221,0.03820161366462708,0.03222431761026383,0.00029890774469822643,4.6493095896948945e-06,0.0005631895286496728,0.030234942764043808,1.0
222,0.03822083230316639,0.032441469304263594,0.00020170416936161927,4.692523829362472e-06,0.0005530733581399545,0.03099854451417923,1.0
223,0.03933107540011406,0.03321031530201435,0.0004956053566420451,6.057156238966854e-06,0.000556458322214894,0.03092870631814003,1.0
224,0.03822418697178364,0.032460188508033755,0.0001939551303803455,4.5686397552344715e-06,0.0005524356935638935,0.03324413052201271,1.0
225,0.03922215136885643,0.03342398814857006,0.00029376108205178753,6.57570760085946e-06,0.0005438645139802247,0.031825683891773225,1.0
226,0.038348340280354026,0.032401054233312604,0.00037071855360409244,5.144733418092073e-06,0.0005525119953090325,0.029782563149929046,1.0
227,0.038694019347429276,0.03281452704966068,0.0002968889539479278,6.020812255883356e-06,0.0005522395299049094,0.03010183149576187,1.0
228,0.03777643545717001,0.03206649602949619,0.00012700725291506386,4.200634156404704e-06,0.0005540925823152065,0.03092238876223564,1.0
229,0.03782157646864653,0.03202670586854219,0.00020379962556762622,3.4640446547200553e-06,0.0005556430473225191,0.03219476288557053,1.0
230,0.03855557845532894,0.03286324006319046,9.76099335384788e-05,5.109308003738988e-06,0.0005543635506182909,0.032083157032728196,1.0
231,0.03803803516924381,0.03234007899463177,0.000149158249842003,4.247994008437672e-06,0.0005506317934487015,0.03035014969110489,1.0
232,0.03785427550971508,0.03217590381205082,0.00014078674180200324,3.7390370898719995e-06,0.0005500194564228878,0.03450203990936279,1.0
233,0.03888053171336651,0.0322425554022193,0.0009655950940214098,4.079203648871043e-06,0.000563158925389871,0.036835436165332795,1.0
234,0.03810026159882546,0.03240928203612566,0.00011671132518677042,4.384370752632094e-06,0.0005530424505705014,0.031663715422153474,1.0
235,0.03841973243653774,0.03265215353667736,0.00019375636096810922,4.884847973698925e-06,0.0005524974028812722,0.03034668093919754,1.0
236,0.037337352454662326,0.03161418802291155,0.0001436324748210609,3.1278383276003297e-06,0.0005548253461020068,0.03153401237726212,1.0
237,0.038347817957401276,0.032494293980300425,0.0003009428180230316,5.674495885614305e-06,0.000549583612009883,0.03043693941831589,1.0
238,0.038455102771520616,0.03259041967988014,0.00026106213225284594,4.971897166797135e-06,0.0005553902148967609,0.030877582132816314,1.0
239,0.038318064719438556,0.03228210224211216,0.0004805470783612691,3.54692758537567e-06,0.0005519946152344346,0.029840737879276276,1.0
240,0.03786014944314957,0.031815372802317145,0.0005161673914408311,3.420289358473383e-06,0.0005494406316429377,0.030414402544498443,1.0
241,0.03915290159732104,0.03324285409599543,0.0002128949255857151,7.521538765104197e-06,0.0005621937259566039,0.030130801022052765,1.0
242,0.037786636248230934,0.03202879621088505,0.00016304099242552185,4.371826954411518e-06,0.0005551080669974908,0.030153370648622512,1.0
243,0.037816390350461006,0.0320939938724041,0.00011442328567500226,3.7012200291428597e-06,0.0005570960917975754,0.036838267982006075,1.0
244,0.03707659900933504,0.031359468445181844,0.00014995032930164597,2.840649046447652e-06,0.0005538773762527854,0.029421937644481658,1.0
245,0.037318306356668475,0.03142196214199066,0.00023575453454395757,2.8086445845474374e-06,0.0005632503320230171,0.03156384301185608,1.0
246,0.037706322461366654,0.03159203511476517,0.00046447469791746697,3.2852042240847367e-06,0.0005616960671031848,0.0323548119366169,1.0
247,0.03737354009598494,0.03164260621368885,0.00012427156380726955,3.3013106390171742e-06,0.0005573649120051414,0.02938828706741333,1.0
248,0.037314681433141234,0.03150443933904171,0.0001812348028179258,3.320955862363917e-06,0.0005595797826536,0.03063166779279709,1.0
249,0.03807449219375849,0.032311815179884434,0.0001208270649658516,4.500199767790036e-06,0.0005596847797278315,0.030069915950298308,1.0
250,0.03667170478403568,0.030881160214543343,0.00016904685262124984,2.237990978755988e-06,0.0005599117953097448,0.02921784535050392,1.0
251,0.03741626112163067,0.03160063914209604,0.0001778698116686428,2.943935487564886e-06,0.0005608312754193321,0.029841970682144166,1.0
252,0.03786347630620003,0.03210986629873514,0.00010729904504842126,4.080210809206619e-06,0.0005605508878361434,0.0318777265548706,1.0
253,0.03687576150149107,0.031121000066399573,0.00011034711297543254,2.6636318630153256e-06,0.0005617777950828895,0.029189244270324707,1.0
254,0.03807835157215595,0.03205972789227963,0.0004155289348273072,4.235234267071064e-06,0.0005560742429224774,0.032214509040117266,1.0
255,0.03691000129282475,0.031082794949412344,0.00017255060409661382,2.6451301464476274e-06,0.0005628204424865544,0.030932341933250427,1.0
256,0.036808231338858605,0.031043395906686783,0.00012276872390066274,2.5565815371919597e-06,0.0005616500810720026,0.029133602023124695,1.0
257,0.03732547337561846,0.03148237731307745,0.0002319584525830578,2.9184265204094116e-06,0.0005581953412620351,0.02939626309275627,1.0
258,0.03688985733687878,0.031152988955378533,0.00014031234607682564,2.3947795962158126e-06,0.0005572608233196661,0.03131861627101898,1.0
259,0.037507874622941015,0.03147994087636471,0.0003265115950780455,3.070019045480876e-06,0.0005670721958158538,0.03204372000694275,1.0
260,0.03679206764698029,0.030978193946182727,0.00019613323826342822,2.1063815834168055e-06,0.0005596676652785391,0.02915478339791298,1.0
261,0.03775562052428722,0.031855513095855714,0.000241614354235935,3.2792617325867467e-06,0.0005625700417440384,0.03100147071480751,1.0
262,0.038586496405303476,0.03275755481421948,0.00024672269626171327,5.434683190742362e-06,0.0005527872132370248,0.031205881536006928,1.0
263,0.03678931441903115,0.031076062999665737,0.0001149421395821264,2.7322803371134798e-06,0.0005570986414095387,0.030253335952758788,1.0
264,0.03662020035088062,0.03080539447069168,0.0001765048147062771,1.991894803268224e-06,0.0005618382159154862,0.029598719507455826,1.0
265,0.037242913216352466,0.03146246439963579,0.00011736440073582344,3.1693640762568977e-06,0.0005631390856578946,0.031130721807479857,1.0
266,0.03756852944195271,0.031769642740488054,0.00024344370284234173,3.0778872874179798e-06,0.0005524663956603035,0.029426511257886888,1.0
267,0.03765005408227444,0.031887307591736316,0.00012358077859971672,4.362134963685094e-06,0.0005595544464886188,0.029521464705467224,1.0
268,0.037278126895427706,0.03140154895931482,0.0002471511742915027,2.758110874765407e-06,0.0005601845534984022,0.03111266526579857,1.0
269,0.03671018348634243,0.03091070423275232,0.0001473210828844458,2.1467544938786886e-06,0.0005630690637044609,0.031693157732486724,1.0
270,0.037100044101476666,0.031337357059121135,0.00013710579149483237,2.7494283663145326e-06,0.0005598086891695857,0.031480771839618685,1.0
271,0.03666186504065991,0.030804488748311997,0.00019985851371893658,1.9781165983658865e-06,0.0005637736653443426,0.030025239199399947,1.0
272,0.037311359956860544,0.031560919597744944,0.00013706896326038986,2.670294822564756e-06,0.0005586668454343453,0.029503583580255507,1.0
273,0.03688036311417818,0.031239565871655942,7.250928379653488e-05,2.2078297715779627e-06,0.0005546209684107453,0.029546484589576722,1.0
274,0.036711123332381246,0.030987005122005938,6.930971618567127e-05,2.3750302120788546e-06,0.000563105811481364,0.029596573054790496,1.0
275,0.03742472051084041,0.03162488926202059,0.00012273037733393722,3.268574993398943e-06,0.0005644415119895711,0.029335718035697938,1.0
276,0.03628010818362236,0.03044765115529299,0.00013795010637841188,1.6003849264052406e-06,0.0005678503245580941,0.028250720620155333,1.0
277,0.036959385365247725,0.0306641418710351,0.0005704802817490418,2.1535248401960417e-06,0.0005703227967023849,0.030158402889966966,1.0
278,0.037194091513752935,0.03148940373957157,8.506409799156245e-05,2.9646169373336305e-06,0.0005589977358467877,0.031218875020742415,1.0
279,0.03717135812342167,0.03147877037525177,7.924733191612177e-05,3.2288799093294073e-06,0.0005581051601329819,0.03259714138507843,1.0
280,0.037142164573073386,0.03135906269401312,0.0001012734557443764,3.065015305764973e-06,0.0005651178222615272,0.03055228868126869,1.0
281,0.036822912216186526,0.03110948973149061,9.557561436668038e-05,2.4887706972549494e-06,0.0005592959268251433,0.02926895096898079,1.0
282,0.03661994569003582,0.030924035377800464,0.00010213052047765814,2.073043516702455e-06,0.0005573049478698522,0.031124781608581543,1.0
283,0.0363602402806282,0.030641789443790913,7.306689990218728e-05,1.928010697611171e-06,0.0005626103898975998,0.02952818638086319,1.0
284,0.03641609774529934,0.030656959593296052,8.832128613721579e-05,1.7238119467037904e-06,0.0005653578739147633,0.03112838813662529,1.0
285,0.03686292116343975,0.031033914379775523,0.0002020274223468732,2.1313783458936085e-06,0.0005605665618786588,0.03072677129507065,1.0
286,0.036776506528258326,0.03099978192895651,0.00012623358779819682,2.2659961568933796e-06,0.0005627831009915098,0.03021206855773926,1.0
287,0.03683537904918194,0.031107800625264644,0.00012094271299429237,2.4272658956761005e-06,0.0005582362997811288,0.029935010462999345,1.0
288,0.03639123395085335,0.030615831546485422,0.00012667879945365713,1.7227671019099944e-06,0.0005631495978450403,0.030569001972675324,1.0
289,0.03623356900364161,0.030486210823059082,5.9438649768708276e-05,1.7740925659381901e-06,0.0005670178511645645,0.029320113241672517,1.0
290,0.03648041485249996,0.03062210236489773,0.00020348091043706517,1.8828977481462062e-06,0.0005636002509854734,0.0318158755004406,1.0
291,0.03611679766327143,0.030351232901215552,7.956065147300251e-05,1.4246873342926847e-06,0.000567175719421357,0.030593136727809906,1.0
292,0.03712083560228348,0.031348736993968486,0.00014516527944942936,2.631664480759355e-06,0.0005600616637384519,0.03171389374136925,1.0
293,0.03619480893015861,0.030381759442389012,0.0001588491758448072,1.6463484184896514e-06,0.0005637736960779875,0.02952351212501526,1.0
294,0.03615944541990757,0.03039499631524086,8.651705205556937e-05,1.4051467369426973e-06,0.0005663880584761501,0.029007762163877487,1.0
295,0.03609447725117207,0.030315615892410278,8.219110837671906e-05,1.5125493937375722e-06,0.0005681544763501734,0.028986076027154924,1.0
296,0.03735757403075695,0.03154922871291638,0.00016635320335626601,2.8265080140954526e-06,0.0005613727113232017,0.029826247334480284,1.0
297,0.03630371345579624,0.03054237998276949,6.889908783341526e-05,1.967304417576088e-06,0.0005672761385794729,0.02901046785712242,1.0
298,0.03621260346472263,0.03036015861481428,0.00015561071086267475,1.42981823091759e-06,0.0005682535916566849,0.029618850737810135,1.0
299,0.03634985527396202,0.03059599281847477,4.882817791076377e-05,2.1200528453846345e-06,0.0005683833815855906,0.028890580087900162,1.0
300,0.03624234418570995,0.030513975277543067,6.68589486303972e-05,1.7956619462893287e-06,0.0005643553470727056,0.028580717235803604,1.0
301,0.03592702913284302,0.030152553796768188,5.6479040445992725e-05,1.2994885451007576e-06,0.0005705001369351521,0.030686392456293107,1.0
302,0.03597589428722858,0.030241372905671596,7.48695958754979e-05,1.2942087500960042e-06,0.0005646709691500291,0.030201899081468583,1.0
303,0.03618282288312912,0.030421397030353545,8.996976894559339e-05,1.5958380677147943e-06,0.0005655497757252306,0.0292545964717865,1.0
304,0.03597726159542799,0.030222694650292398,5.7996058836579324e-05,1.4344857977448556e-06,0.0005682225925847888,0.030535972714424132,1.0
305,0.03594943694770336,0.030128743030130863,9.603630284254905e-05,1.3329953189895604e-06,0.0005711327702738344,0.02839641246199608,1.0
306,0.03637887930870056,0.03065281689912081,7.393205279367976e-05,1.6062768263509497e-06,0.00056360675371252,0.029525290727615356,1.0
307,0.03608826863765716,0.030315881341695786,8.496961453056429e-05,1.4980379273765721e-06,0.0005672437380999327,0.034097147554159164,1.0
308,0.036136992886662486,0.03040245807170868,5.3582681430270896e-05,1.6608906184956141e-06,0.0005664343221578747,0.02895596298575401,1.0
309,0.03570333776623011,0.02991592037677765,5.2725686691701414e-05,1.2606865570887749e-06,0.0005722084880108014,0.029098950296640395,1.0
310,0.03631682851165533,0.030501932837069035,0.00011634707303892356,1.5506552599617863e-06,0.0005683042111340911,0.029922688305377962,1.0
311,0.036119178429245946,0.030338485643267632,9.454826146247796e-05,1.4445588535636488e-06,0.0005671698914375156,0.029483600556850433,1.0
312,0.03579049053788185,0.030011143431067467,7.661349837144372e-05,1.250634551524854e-06,0.0005690227339509874,0.02976721304655075,1.0
313,0.03554821415990591,0.029714955270290375,5.7149880623910576e-05,1.09960812051213e-06,0.0005765113020315767,0.028961422353982927,1.0
314,0.03631551438570023,0.03057021990418434,6.625112076289952e-05,1.5274285979103297e-06,0.0005663769114762544,0.030667012959718704,1.0
315,0.036332883313298224,0.03052633547782898,9.227407927392051e-05,1.676553755714849e-06,0.0005697508074808866,0.029425654023885726,1.0
316,0.036269683629274366,0.03044447159767151,0.0001087902552972082,1.7882017650663329e-06,0.0005698539647273719,0.028950524061918257,1.0
317,0.03575309979915619,0.029947012700140475,6.956316423020326e-05,1.1509218998071447e-06,0.0005725014666095376,0.028729929268360137,1.0
318,0.036036191076040267,0.03026217682659626,7.284658971184399e-05,1.5274739002961724e-06,0.0005685892958426848,0.029773865163326262,1.0
319,0.03623162414878607,0.03047306027263403,8.746495308878366e-05,1.5199079834928852e-06,0.0005655899846460671,0.03005591407418251,1.0
320,0.03567202566564083,0.029876183405518533,7.594074808002915e-05,1.0724818439484806e-06,0.0005709176873788238,0.028683960378170014,1.0
321,0.03602785117179155,0.030269893407821654,4.298716713674367e-05,1.3362734682687006e-06,0.0005701607735827566,0.02965767043828964,1.0
322,0.036070431634783746,0.030303149357438088,5.049708548176568e-05,1.415458465089614e-06,0.0005702630515443161,0.02920047825574875,1.0
323,0.03600488493591547,0.030224449060857295,7.953220400668215e-05,1.3203390826674878e-06,0.0005687700264388696,0.028953082263469695,1.0
324,0.03580160391330719,0.030027089186012743,5.777328768454026e-05,1.1373235333849153e-06,0.0005705368192866445,0.028981695413589477,1.0
325,0.03579425673186779,0.030033312849700452,5.121203859744128e-05,1.229694937592285e-06,0.0005697434922913089,0.03095218986272812,1.0
326,0.03622877137362957,0.030420855559408665,8.705394116987009e-05,1.6688592777427403e-06,0.000570417313836515,0.0294360034763813,1.0
327,0.035693777531385425,0.02990158975124359,5.149922521377448e-05,1.0530522274621034e-06,0.0005730158053338527,0.029053537607192995,1.0
328,0.035699155017733575,0.029919900625944136,5.3125313235796056e-05,1.0542673148847825e-06,0.0005715586284641177,0.029199963688850403,1.0
329,0.03545269706845283,0.029669342540204525,3.615936041751411e-05,9.5759519922467e-07,0.0005737619312712923,0.02824546554684639,1.0
330,0.03549138298630714,0.029645099096000195,5.46687387250131e-05,9.945994806912494e-07,0.0005781668996205553,0.028617012590169907,1.0
331,0.035511354357004164,0.029653210289776324,8.079439678112976e-05,9.370501350076666e-07,0.0005767979382071644,0.03132813549041748,1.0
332,0.036350824758410456,0.03060573110729456,6.071651304955594e-05,1.6768361460890446e-06,0.0005667608620133251,0.029087070286273956,1.0
333,0.03585692101716995,0.03007884521782398,5.625097861047834e-05,1.280721851344424e-06,0.0005709017663029954,0.029210532158613203,1.0
334,0.03603088162839413,0.030271940864622593,3.7567017549008594e-05,1.521490258483027e-06,0.0005706159045221284,0.02824010717868805,1.0
335,0.03562141381949186,0.029728624679148198,0.00015075496345525607,9.20115802955479e-07,0.0005732833162182942,0.028456476897001266,1.0
336,0.035659021675586704,0.02980038906633854,8.441758288245182e-05,1.0207921432083822e-06,0.0005764007233083248,0.02986079004406929,1.0
337,0.03603926454484463,0.030281402125954628,4.51863280904945e-05,1.3383117720877635e-06,0.0005699292982462794,0.02927510666847229,1.0
338,0.03547683346271515,0.029687280751764775,3.687544542481191e-05,1.0035185703145544e-06,0.0005742641956312582,0.029396878987550737,1.0
339,0.03587638393044472,0.030098779819905757,3.937789293559035e-05,1.2561164880935394e-06,0.0005725665108766406,0.028957669615745543,1.0
340,0.03550641945004463,0.02971484837681055,3.191408248676453e-05,9.311853798408265e-07,0.0005750345094129443,0.029301696956157683,1.0
341,0.035624819464981555,0.02983671823889017,4.659810136217857e-05,9.81420797188548e-07,0.0005731688865926117,0.02846299088001251,1.0
342,0.03558603708446026,0.029796023335307835,2.9198428273957687e-05,1.179115673267006e-06,0.0005749024209799245,0.02946115332841873,1.0
343,0.035344388470053674,0.02954617106169462,2.7155258554557803e-05,8.11685349617619e-07,0.0005762945318128913,0.02835068839788437,1.0
344,0.03511653374135494,0.029273043408989907,4.538097903423477e-05,6.944012920939713e-07,0.0005791165346745402,0.028631184786558152,1.0
345,0.03542060832679272,0.029593907862901687,4.081677574868081e-05,7.98748136503491e-07,0.0005777896251529456,0.029377277195453643,1.0
346,0.0355260179489851,0.02966996445506811,9.970187775616068e-05,8.66777718783851e-07,0.0005747683723457158,0.029169256538152694,1.0
347,0.03576084090769291,0.02992804365605116,3.9380221605824774e-05,1.263379946067289e-06,0.0005780783377122134,0.028567053318023682,1.0
348,0.03522674981504679,0.029426481619477272,3.144022185006179e-05,8.22448138933396e-07,0.0005760603500530124,0.02812866500020027,1.0
349,0.03527722316980362,0.029453555546700955,3.302863179851556e-05,7.557255908068328e-07,0.0005783081818372011,0.028730214685201646,1.0
350,0.03517038233578205,0.029329421915113927,3.705739603174152e-05,6.850985889741423e-07,0.0005797052080743015,0.02880107033252716,1.0
351,0.03549697002768516,0.029679256841540335,3.473681084869895e-05,9.940763420672738e-07,0.000577303551370278,0.028269003331661224,1.0
352,0.03533058887720108,0.02951899392157793,2.4270042893476785e-05,8.518402100889944e-07,0.0005778806488960981,0.028411165833473206,1.0
353,0.03520996168255806,0.029373771890997886,3.284864612942329e-05,6.969085495711624e-07,0.0005796371977776289,0.028158699214458467,1.0
354,0.03541589015722275,0.02960952468216419,3.920701547031058e-05,7.907878734840779e-07,0.0005759250595001504,0.028930779039859772,1.0
355,0.03530149980261922,0.029471415083855392,3.034220208064653e-05,7.882059142048093e-07,0.0005791860460885801,0.028282968193292617,1.0
356,0.03525226218253374,0.029443721421062947,2.489692780363839e-05,7.960583179738023e-07,0.0005775683328974992,0.02796688103675842,1.0
357,0.03516594864428044,0.029313484393060207,2.97801707056351e-05,7.101544697434292e-07,0.0005815582610666751,0.02795390421152115,1.0
358,0.03538190768659115,0.02954027199745178,3.5965634997410237e-05,7.894773693806201e-07,0.0005797775192186237,0.02861926907300949,1.0
359,0.03548768677562475,0.029649219579994678,3.510038855893072e-05,9.171135920951202e-07,0.0005794195649214089,0.0290182044506073,1.0
360,0.03508358815312385,0.02924180492758751,4.218543071328895e-05,6.307557005129638e-07,0.0005793290116125718,0.028840644657611846,1.0
361,0.035265443496406076,0.029440956249833106,2.6493540601222775e-05,8.374095370982104e-07,0.0005789619735442102,0.028446955561637878,1.0
362,0.03496819633245468,0.029126530721783638,2.2744599809811917e-05,6.066903072223794e-07,0.0005812854256946594,0.028097550809383393,1.0
363,0.035242571093142036,0.029417109675705433,2.6389914040919394e-05,7.600951955737401e-07,0.0005791470614494756,0.028971401035785674,1.0
364,0.03510128477215767,0.029264862142503262,3.090051141771255e-05,6.556796442964697e-07,0.0005798965271096676,0.028068079829216004,1.0
365,0.03518588495254517,0.029359322644770144,2.270310938183684e-05,6.488237161192956e-07,0.000579737110529095,0.028238334476947784,1.0
366,0.03498434759676457,0.029093660235404967,6.189285161963199e-05,5.937401879236858e-07,0.0005822857174789533,0.028132330775260925,1.0
367,0.035026681020855904,0.029163907147943972,2.7859941670612897e-05,5.811362575514068e-07,0.0005829102488933131,0.028827894687652587,1.0
368,0.035130833104252815,0.02929704135656357,2.1053856624348556e-05,6.243254958917533e-07,0.0005806494599673897,0.02818677055835724,1.0
369,0.034833248883485796,0.028946458440274,2.797402049327502e-05,5.073185179753637e-07,0.0005853743159677833,0.02843812444806099,1.0
370,0.03498083464801312,0.029121229223906996,2.2938486094062683e-05,5.537515173728025e-07,0.0005831129513680935,0.028432960093021393,1.0
371,0.03512577269971371,0.029283730536699294,2.1857479958271143e-05,6.355596813136799e-07,0.0005813829136313871,0.02827252247929573,1.0
372,0.03497658727318048,0.029101100847125052,1.7743372343829833e-05,5.54770948838268e-07,0.0005852195316692814,0.029378216952085496,1.0
373,0.035168325759470466,0.029340735733509062,2.4322598917933648e-05,6.160661059766425e-07,0.0005797106593381613,0.028330058217048645,1.0
374,0.035166499465703965,0.029329093925654887,2.5059271931240802e-05,6.717533949540666e-07,0.0005805628745583817,0.028066176354885102,1.0
375,0.03489507067203522,0.029000459969043733,3.288217353838263e-05,5.204931064781703e-07,0.0005856523654656485,0.028455169200897218,1.0
376,0.034944222271442414,0.029083158142864704,2.3359238017292227e-05,5.253165613794408e-07,0.000583245164481923,0.02807896313071251,1.0
377,0.03491202615201473,0.029049327977001667,1.743766721483553e-05,5.448936192351539e-07,0.0005839811596088111,0.028457622438669204,1.0
378,0.03501704129576683,0.029167866602540015,2.009529961651424e-05,5.873399798019819e-07,0.0005823205963242799,0.028222777009010314,1.0
379,0.03509944645315409,0.029248931542038916,1.8749687660601923e-05,5.935118415436591e-07,0.000582583014620468,0.02847634071111679,1.0
380,0.03493194157630205,0.029073575027287007,2.9437028359097893e-05,5.066163662377221e-07,0.000582386328605935,0.028124273300170897,1.0
381,0.03487692644447088,0.02901870806887746,1.850163639028324e-05,4.940868807352672e-07,0.000583477582084015,0.028145698964595796,1.0
382,0.03520347158610821,0.029346534840762616,2.3681946011492984e-05,6.848961570540269e-07,0.0005826405636034906,0.028313185036182402,1.0
383,0.03490739050507546,0.02905353467911482,1.5548326016869396e-05,5.442995693556441e-07,0.000583286460256204,0.02819048210978508,1.0
384,0.03484134600311518,0.028962641894817353,1.984556234674528e-05,4.777959452439973e-07,0.0005854080775752663,0.027937011122703553,1.0
385,0.0349126567542553,0.02904617903381586,1.8746642163023352e-05,5.278658582028583e-07,0.0005842452484648674,0.028515303313732147,1.0
386,0.03490580278635025,0.02902706366032362,1.8464209948433562e-05,5.177417533559492e-07,0.0005855097381863743,0.028153229504823685,1.0
387,0.034891815558075905,0.029006456047296524,1.6969102012808434e-05,4.754751707878313e-07,0.0005863635728601366,0.028972261905670166,1.0
388,0.03485258436203003,0.02898466944694519,2.238891635352047e-05,4.860756714606395e-07,0.0005840665289433674,0.028066502690315246,1.0
389,0.03478746342658996,0.02889919876307249,1.657156226428924e-05,4.4332941138236493e-07,0.0005867259718943387,0.027904898941516876,1.0
390,0.03471726589649916,0.028832524336874485,1.3460602782288334e-05,4.41119857441663e-07,0.0005866869814926759,0.02842373126745224,1.0
391,0.03485878696292639,0.028984685398638247,1.6468388217617757e-05,5.136178083375853e-07,0.0005852496968582273,0.028107200384140014,1.0
392,0.034654131859540936,0.028765816420316698,1.3862008141586557e-05,4.1379586309631123e-07,0.0005870315491920337,0.027894963204860686,1.0
393,0.0347540960162878,0.028881592825055123,1.5351439578807913e-05,4.390721362597105e-07,0.0005852761100977659,0.02791859549283981,1.0
394,0.03471531328558922,0.028826366040855648,1.769331900868565e-05,4.1666839069876006e-07,0.0005867087077349424,0.02800638249516487,1.0
395,0.034682677827775475,0.02877638202160597,1.611809033784084e-05,4.2695941442616456e-07,0.0005885908182244748,0.027938718497753142,1.0
396,0.034853232979774475,0.028976473718881606,1.757913664187072e-05,4.6005877470634004e-07,0.0005854579524602741,0.027906584233045578,1.0
397,0.03466084959357977,0.02877214965224266,1.4266979706007987e-05,4.0780775293569606e-07,0.0005870354864746332,0.02785261619091034,1.0
398,0.03474544786661864,0.02885447497665882,1.4104069443419576e-05,4.2819706686714197e-07,0.0005872586767654866,0.028009873956441878,1.0
399,0.03484612800180912,0.028968679636716843,1.3710902938328218e-05,4.7493647366536604e-07,0.0005858988082036376,0.02776151856780052,1.0
400,0.034763875752687454,0.028870362423360347,1.3428765676508191e-05,4.509963196142053e-07,0.0005875574566889555,0.028147647261619568,1.0
401,0.034669037640094755,0.028764320347458124,1.3735411201196257e-05,3.985074274623912e-07,0.0005886996804038063,0.028273040622472764,1.0
402,0.034686000615358356,0.028783496454358102,1.4197779855749103e-05,4.239393917941925e-07,0.000588406702154316,0.02801425540447235,1.0
403,0.03476648748666048,0.02886242740601301,1.4483215723885224e-05,4.314951845572068e-07,0.0005885262091178447,0.027932883501052858,1.0
404,0.03462385976314545,0.028721651762723923,1.3931467605289072e-05,3.9620874645152074e-07,0.0005884314514696598,0.027928497195243835,1.0
405,0.034645145356655124,0.02874022462219,1.3878337704227306e-05,3.980080107339745e-07,0.0005887062419205904,0.02806560069322586,1.0
406,0.034619662433862684,0.02871277967095375,1.3351987807254772e-05,3.887786375571523e-07,0.0005889643065165728,0.02798297968506813,1.0
407,0.034587493002414704,0.028683196827769278,1.4143699238047702e-05,3.767586333651707e-07,0.0005886384854093195,0.0277951762676239,1.0
408,0.034622961163520816,0.028712639015167952,1.3538648629037198e-05,3.866606003839479e-07,0.0005892916731536389,0.027931575775146485,1.0
409,0.03458683849871159,0.02866841696202755,1.3408480874204542e-05,3.711635354193277e-07,0.0005901301249396056,0.027931692481040955,1.0
410,0.03466182891279459,0.028744966343045235,1.2272457370272605e-05,3.980023443546088e-07,0.0005900610109092668,0.028016373336315153,1.0
411,0.034549014709889886,0.02861769872903824,1.1618539774644887e-05,3.6125070676007454e-07,0.0005916084905620664,0.027923467069864275,1.0
412,0.034641969129443166,0.028739138327538966,1.1101530682935846e-05,3.832546033208928e-07,0.000588789667468518,0.027759585827589035,1.0
413,0.034503057241439816,0.028575707226991653,1.3748963072430342e-05,3.447937688179081e-07,0.00059101532259956,0.027718484342098237,1.0
414,0.03464966030418873,0.02873970127850771,1.3130969258781988e-05,3.7519998238622067e-07,0.0005893076010979712,0.028101071894168855,1.0
415,0.034574605956673624,0.028653398893773555,1.3282464256917592e-05,3.6366792460285067e-07,0.0005904287702869624,0.02812683668732643,1.0
416,0.03465071015805006,0.028745177142322064,1.2654828504309989e-05,3.8486825690142724e-07,0.0005889029550598935,0.027905693143606185,1.0
417,0.03454472036659718,0.02861394537240267,1.3161180591851008e-05,3.5071959302968026e-07,0.0005914106651907787,0.02788233622908592,1.0
418,0.034548318967223164,0.028625300750136376,1.1989957707555731e-05,3.493950063102602e-07,0.0005907534124562517,0.027967766731977463,1.0
419,0.034535679697990415,0.0286150074377656,1.4355805869854521e-05,3.465852514636936e-07,0.0005902850501006469,0.027684869587421418,1.0
420,0.03444621396809816,0.028509413935244084,1.300770465604728e-05,3.279248511489641e-07,0.0005920513063902036,0.028338612765073778,1.0
421,0.03452740035951138,0.028605145655572414,1.1329065473546507e-05,3.48173905308613e-07,0.000590744387358427,0.027647718220949174,1.0
422,0.03454355577379465,0.02861132077127695,1.0935574900940992e-05,3.4600272624629727e-07,0.0005917839477770031,0.027689315915107728,1.0
423,0.03447450359910727,0.028536436818540095,1.1423170075431698e-05,3.3523363958920526e-07,0.000592329137143679,0.027667001992464066,1.0
424,0.03444858536869287,0.028507105968892575,1.124752956093289e-05,3.2652808158672996e-07,0.0005926966624101624,0.027617194443941118,1.0
425,0.03445291693508625,0.028511150516569616,1.1294538529909914e-05,3.3364417367920397e-07,0.0005927135607926175,0.027688822060823442,1.0
426,0.03447275424003601,0.028530463345348835,1.0990278511599173e-05,3.31121696945047e-07,0.0005927989319898188,0.027814596652984618,1.0
427,0.03450123412162066,0.02857129829004407,1.2088213632523549e-05,3.3200757172835436e-07,0.0005914527490967884,0.027696899503469468,1.0
428,0.0344382274672389,0.028498676970601083,1.0509973377338611e-05,3.2159875604520494e-07,0.0005925824496662244,0.02778792694211006,1.0
429,0.03443823488801718,0.028494891166687013,1.0769667042040965e-05,3.2111765301579e-07,0.00059293628053274,0.027652982354164125,1.0
430,0.03441737872362137,0.028470987379550936,1.075598723400617e-05,3.1566508368996437e-07,0.0005932478751055896,0.027599504858255387,1.0
431,0.034446199730038644,0.028511128202080727,1.0423589887068374e-05,3.2050769698344084e-07,0.0005921442768303677,0.027562419205904007,1.0
432,0.034388870038092136,0.028438482336699964,1.077394629464834e-05,3.088457224293961e-07,0.0005936525284778326,0.027664879322052003,1.0
433,0.034373636595904825,0.028424459643661977,1.0435720072564435e-05,3.061503811068178e-07,0.0005935679649701342,0.027650849133729935,1.0
434,0.03437905916571617,0.028426678098738195,1.0384000073827337e-05,3.066300440650593e-07,0.0005938930769916624,0.027666783064603805,1.0
435,0.034399636171758174,0.028457963943481445,1.0521589476411463e-05,3.0669895227219967e-07,0.0005928083630278707,0.027682983219623567,1.0
436,0.03438899949193001,0.02844304471835494,1.07034812499478e-05,3.0941284637719946e-07,0.0005932157085044309,0.02757663768529892,1.0
437,0.034431873202323916,0.02847680702060461,1.0799317667988361e-05,3.138039525083514e-07,0.0005941128942649811,0.027678630650043487,1.0
438,0.03437734305858612,0.028428491115570068,1.0440493111673276e-05,3.041507975467539e-07,0.0005935369891813025,0.027700725972652437,1.0
439,0.034397456124424935,0.02844599553197622,1.0157245902519207e-05,3.0718777770744056e-07,0.0005938231386244297,0.027608296245336533,1.0
440,0.03436148792505264,0.028402019649744033,1.012372371769743e-05,3.0064789689276947e-07,0.0005946338032372296,0.027696071028709413,1.0
441,0.03441001416742802,0.028467403173446655,1.0159693287278059e-05,3.0635693531166905e-07,0.0005929387744981796,0.027709844648838043,1.0
442,0.034358855620026586,0.028409932762384415,1.04567115631653e-05,2.9835983627890526e-07,0.0005935482562053948,0.027591923087835313,1.0
443,0.03440130812674761,0.028455008164048196,1.0161756232264452e-05,3.0355874764609323e-07,0.0005933102787239477,0.02769043982028961,1.0
444,0.034380302354693415,0.028425711780786515,9.977022360544653e-06,3.0062668838581886e-07,0.0005941607325803489,0.02760878202319145,1.0
445,0.03435078453272581,0.02839595814421773,9.99194837277173e-06,2.960249809120796e-07,0.0005941874199779704,0.027587049424648284,1.0
446,0.034361670024693015,0.028408304139971734,9.875761912553571e-06,2.9648637450918613e-07,0.0005940525124315172,0.027582334876060485,1.0
447,0.03433027893304825,0.028368829250335695,9.935034835507394e-06,2.924713297716153e-07,0.0005948589886538684,0.02754233005642891,1.0
448,0.034345610797405245,0.02837888727337122,9.955533667380224e-06,2.9332754331790055e-07,0.0005953834750689566,0.027574014395475386,1.0
449,0.034335658468306066,0.02838228716701269,1.0003938637964894e-05,2.919742560152372e-07,0.0005940447717439383,0.02758669865131378,1.0
450,0.034341795824468134,0.02838169686496258,9.784421505173668e-06,2.9200996516465236e-07,0.0005947394327959045,0.027572801977396012,1.0
451,0.03436612190306187,0.028418676510453225,9.812150448851753e-06,2.9424154115531566e-07,0.0005934690723661334,0.027620526790618896,1.0
452,0.0343264517262578,0.028359739586710928,9.746931798872537e-06,2.891418843091742e-07,0.0005954073772300035,0.027564105927944182,1.0
453,0.034328446365892884,0.02837060446292162,9.723274488351307e-06,2.892452445166782e-07,0.000594522625207901,0.027555014222860337,1.0
454,0.03432440910488367,0.028362130351364614,9.733871032949537e-06,2.8828799747770973e-07,0.0005949661808554083,0.027550867587327957,1.0
455,0.03432888098061085,0.028364902839064596,9.75194282727898e-06,2.888751910177234e-07,0.0005951337604783476,0.02760120442509651,1.0
456,0.034327487409114836,0.028361580893397333,9.641821321565657e-06,2.8774351119409404e-07,0.000595338721992448,0.027642279386520387,1.0
457,0.03433839659392834,0.028378907769918443,9.64177681817091e-06,2.8880112552087666e-07,0.0005946959177963436,0.027579523205757142,1.0
458,0.03431960878521204,0.028359092101454736,9.595504081516993e-06,2.86865611428766e-07,0.0005948052539024502,0.02756739816069603,1.0
459,0.03431481711566448,0.028351782895624636,9.679229820903856e-06,2.8597080790859766e-07,0.0005950495337601751,0.027562186121940613,1.0
460,0.034320373244583605,0.028349401347339154,9.59836398033076e-06,2.860128403199269e-07,0.0005958513417281211,0.027644980669021605,1.0
461,0.034315106943249706,0.028349548012018205,9.59225808037445e-06,2.8549496335017464e-07,0.0005953111671842635,0.02765802186727524,1.0
462,0.034319987207651136,0.028357116162776946,9.579701280017617e-06,2.856952254433054e-07,0.0005950434401165695,0.027571402490139008,1.0
463,0.03431642947345972,0.028352534145116806,9.6682541006885e-06,2.8491372188454986e-07,0.0005951377912424505,0.027566577434539795,1.0
464,0.03431234522908926,0.028348184771835806,9.549484013405162e-06,2.845782842086919e-07,0.0005951765284407884,0.02760395485162735,1.0
465,0.034316749304533004,0.02834831069409847,9.492248675087466e-06,2.8410283653101943e-07,0.0005956105433870107,0.02756504562497139,1.0
466,0.03431145907938481,0.0283512556925416,9.528762278932846e-06,2.8345619716674266e-07,0.0005947840090375394,0.02757331556081772,1.0
467,0.03430759231001139,0.02833971603959799,9.546900419081794e-06,2.829673067026306e-07,0.0005955499708652496,0.02755991765856743,1.0
468,0.034309819892048836,0.028346144422888755,9.50228687361232e-06,2.831013269997129e-07,0.0005951342266052961,0.027559267103672028,1.0
469,0.03430561702698469,0.028336457476019858,9.465371062105987e-06,2.8240085816833015e-07,0.0005956870254594833,0.02756067380309105,1.0
470,0.03430967724323273,0.02834284994006157,9.41075878290576e-06,2.826239763180638e-07,0.0005954590227920562,0.027542794913053514,1.0
471,0.03430669994652271,0.028336873203516008,9.489929743722314e-06,2.819157829208052e-07,0.0005957517719361931,0.027572586864233018,1.0
472,0.03430611392855644,0.028342192724347116,9.422289549547713e-06,2.8189835586545085e-07,0.000595167999737896,0.02753655505180359,1.0
473,0.03430366076529026,0.028339127235114576,9.403646105056395e-06,2.814650408708985e-07,0.0005952315255999566,0.02755158033967018,1.0
474,0.03430326304957271,0.028337384724989534,9.436691234441241e-06,2.8134840488291956e-07,0.0005953628214774654,0.027531506299972534,1.0
475,0.0343029553219676,0.028335749246180056,9.399655882589286e-06,2.811560000282043e-07,0.000595499491551891,0.027546471416950227,1.0
476,0.03430142303556204,0.02832961617410183,9.371911004564026e-06,2.808045543361004e-07,0.0005959626908879727,0.027555436491966248,1.0
477,0.03430152080208063,0.02833502657711506,9.34477028931724e-06,2.8074907993413945e-07,0.0005954342085169629,0.027551911145448686,1.0
478,0.03430469009280205,0.028334396839141844,9.372194592287997e-06,2.8081984419259243e-07,0.000595811300794594,0.027608630448579786,1.0
479,0.03429995991289616,0.028337627954781057,9.33664544209023e-06,2.8024799257764244e-07,0.0005950193067546934,0.02753785541653633,1.0
480,0.034299180522561076,0.0283286612033844,9.332138404715805e-06,2.802420792704652e-07,0.0005958384715486317,0.0275450414121151,1.0
481,0.03429868644475937,0.028335285373032093,9.340033924672752e-06,2.8005510091588804e-07,0.0005951260598376394,0.027536983549594878,1.0
482,0.0342986029535532,0.028325801573693753,9.33414522660314e-06,2.7981735138382647e-07,0.0005960669030901045,0.027556085735559465,1.0
483,0.03429753915965557,0.02832413234561682,9.338180592749267e-06,2.7976670071439004e-07,0.0005961271058768034,0.027559466749429704,1.0
484,0.034297705709934234,0.028335297651588917,9.32009811003809e-06,2.797224212827132e-07,0.0005950290657347068,0.027549960881471634,1.0
485,0.03429731181263924,0.02832829809188843,9.310335361078614e-06,2.79591339790386e-07,0.000595690734218806,0.02754799345135689,1.0
486,0.03429689340293408,0.028329776868224143,9.311136967880884e-06,2.7957579868598257e-07,0.000595500974333845,0.027552941143512727,1.0
487,0.03429640655219555,0.028325218558311462,9.304697894549464e-06,2.79405752621642e-07,0.0005959089195821434,0.02755151653289795,1.0
488,0.034296182043850425,0.028325252056121825,9.291613409004639e-06,2.792353326412922e-07,0.0005958845907589421,0.02755890890955925,1.0
489,0.03429536946117878,0.02832893741875887,9.296315329265781e-06,2.7917128841181693e-07,0.0005954344007186591,0.027544157922267914,1.0
490,0.03429604330658913,0.028329300969839096,9.287208915338851e-06,2.7923210166136416e-07,0.0005954662873409688,0.027539959967136384,1.0
491,0.03429520197212696,0.02832402204722166,9.290994701586897e-06,2.7908752247185474e-07,0.0005959097935119644,0.027545697391033172,1.0
492,0.03429545682668686,0.028325837045907975,9.281636288505979e-06,2.791391469827431e-07,0.0005957546716090291,0.02755035364627838,1.0
493,0.03429486398398876,0.028323771692812444,9.287036351452116e-06,2.7901195312551863e-07,0.0005959014978725463,0.027551236897706985,1.0
494,0.03429478011280298,0.028328163072466852,9.272837934986455e-06,2.790190382029323e-07,0.0005954554071649909,0.027549236297607423,1.0
495,0.03429462918639183,0.028321678847074507,9.286834807426204e-06,2.7896778806280054e-07,0.0005960873770527542,0.027550508201122283,1.0
496,0.03429447595775127,0.028326937459409236,9.265305521694244e-06,2.7895291452750827e-07,0.0005955483671277761,0.02754910126328468,1.0
497,0.034294369146227834,0.028325293481349944,9.273849318560679e-06,2.789024925959893e-07,0.0005957012861035764,0.02754824134707451,1.0
498,0.03429428163170815,0.028325186423957347,9.267967758205486e-06,2.78928866350725e-07,0.0005957038018386811,0.027547659248113632,1.0
499,0.034294233821332454,0.028324742998927833,9.271806855394971e-06,2.7889341561149196e-07,0.0005957429981790483,0.027548094868659972,1.0
500,0.03429417102783918,0.028324697017669678,9.269684218452313e-06,2.78892230198835e-07,0.0005957415418233722,0.027548099994659424,1.0
